{"cameraMode":{"drawMode":0,"name":"Shaded","section":"Shading Mode"},"sceneLighting":true,"audioPlay":false,"sceneViewState":{"m_AlwaysRefresh":false,"showFog":true,"showSkybox":true,"showFlares":true,"showImageEffects":true,"showParticleSystems":true,"showVisualEffectGraphs":true,"m_FxEnabled":true},"in2DMode":false,"pivot":{"x":6.876906871795654,"y":4.244161128997803,"z":-3.2441585063934328},"rotation":{"x":0.23563776910305024,"y":-0.6526455879211426,"z":0.22487813234329225,"w":0.6839337348937988},"size":1.1277904510498047,"orthographic":false}